entity_id,display_id,acquisition_date,year,month,month_label,satellite,cloud_cover,wrs_path,wrs_row
LC08_L2SP_144051_20160116_02_T1,LC08_L2SP_144051_20160116_02_T1,2016-01-16,2016,1,2016-01,Landsat 8,0.26,144,51
LC08_L2SP_144051_20160320_02_T1,LC08_L2SP_144051_20160320_02_T1,2016-03-20,2016,3,2016-03,Landsat 8,0.04,144,51
LC08_L2SP_144051_20160405_02_T1,LC08_L2SP_144051_20160405_02_T1,2016-04-05,2016,4,2016-04,Landsat 8,0.43,144,51
LC08_L2SP_144051_20160421_02_T1,LC08_L2SP_144051_20160421_02_T1,2016-04-21,2016,4,2016-04,Landsat 8,9.43,144,51
LC08_L2SP_144051_20160507_02_T1,LC08_L2SP_144051_20160507_02_T1,2016-05-07,2016,5,2016-05,Landsat 8,4.6,144,51
LC08_L2SP_144051_20160523_02_T1,LC08_L2SP_144051_20160523_02_T1,2016-05-23,2016,5,2016-05,Landsat 8,2.66,144,51
LC08_L2SP_144051_20161217_02_T1,LC08_L2SP_144051_20161217_02_T1,2016-12-17,2016,12,2016-12,Landsat 8,5.61,144,51
LC08_L2SP_144051_20170102_02_T1,LC08_L2SP_144051_20170102_02_T1,2017-01-02,2017,1,2017-01,Landsat 8,5.93,144,51
LC08_L2SP_144051_20170118_02_T1,LC08_L2SP_144051_20170118_02_T1,2017-01-18,2017,1,2017-01,Landsat 8,0.25,144,51
LC08_L2SP_144051_20170203_02_T1,LC08_L2SP_144051_20170203_02_T1,2017-02-03,2017,2,2017-02,Landsat 8,0.03,144,51
LC08_L2SP_144051_20170307_02_T1,LC08_L2SP_144051_20170307_02_T1,2017-03-07,2017,3,2017-03,Landsat 8,9.93,144,51
LC08_L2SP_144051_20170323_02_T1,LC08_L2SP_144051_20170323_02_T1,2017-03-23,2017,3,2017-03,Landsat 8,0.14,144,51
LC08_L2SP_144051_20170408_02_T1,LC08_L2SP_144051_20170408_02_T1,2017-04-08,2017,4,2017-04,Landsat 8,0.42,144,51
LC08_L2SP_144051_20170424_02_T1,LC08_L2SP_144051_20170424_02_T1,2017-04-24,2017,4,2017-04,Landsat 8,0.0,144,51
LC08_L2SP_144051_20170526_02_T1,LC08_L2SP_144051_20170526_02_T1,2017-05-26,2017,5,2017-05,Landsat 8,8.25,144,51
LC08_L2SP_144051_20171220_02_T1,LC08_L2SP_144051_20171220_02_T1,2017-12-20,2017,12,2017-12,Landsat 8,3.12,144,51
LC08_L2SP_144051_20180105_02_T1,LC08_L2SP_144051_20180105_02_T1,2018-01-05,2018,1,2018-01,Landsat 8,0.97,144,51
LC08_L2SP_144051_20180121_02_T1,LC08_L2SP_144051_20180121_02_T1,2018-01-21,2018,1,2018-01,Landsat 8,0.2,144,51
LC08_L2SP_144051_20180206_02_T1,LC08_L2SP_144051_20180206_02_T1,2018-02-06,2018,2,2018-02,Landsat 8,0.09,144,51
LC08_L2SP_144051_20180222_02_T1,LC08_L2SP_144051_20180222_02_T1,2018-02-22,2018,2,2018-02,Landsat 8,0.0,144,51
LC08_L2SP_144051_20180310_02_T1,LC08_L2SP_144051_20180310_02_T1,2018-03-10,2018,3,2018-03,Landsat 8,5.82,144,51
LC08_L2SP_144051_20180326_02_T1,LC08_L2SP_144051_20180326_02_T1,2018-03-26,2018,3,2018-03,Landsat 8,5.11,144,51
LC08_L2SP_144051_20180411_02_T1,LC08_L2SP_144051_20180411_02_T1,2018-04-11,2018,4,2018-04,Landsat 8,11.41,144,51
LC08_L2SP_144051_20180427_02_T1,LC08_L2SP_144051_20180427_02_T1,2018-04-27,2018,4,2018-04,Landsat 8,2.87,144,51
LC08_L2SP_144051_20180513_02_T1,LC08_L2SP_144051_20180513_02_T1,2018-05-13,2018,5,2018-05,Landsat 8,5.74,144,51
LC08_L2SP_144051_20181105_02_T1,LC08_L2SP_144051_20181105_02_T1,2018-11-05,2018,11,2018-11,Landsat 8,16.85,144,51
LC08_L2SP_144051_20190108_02_T1,LC08_L2SP_144051_20190108_02_T1,2019-01-08,2019,1,2019-01,Landsat 8,0.03,144,51
LC08_L2SP_144051_20190124_02_T1,LC08_L2SP_144051_20190124_02_T1,2019-01-24,2019,1,2019-01,Landsat 8,1.12,144,51
LC08_L2SP_144051_20190209_02_T1,LC08_L2SP_144051_20190209_02_T1,2019-02-09,2019,2,2019-02,Landsat 8,12.75,144,51
LC08_L2SP_144051_20190225_02_T1,LC08_L2SP_144051_20190225_02_T1,2019-02-25,2019,2,2019-02,Landsat 8,0.0,144,51
LC08_L2SP_144051_20190313_02_T1,LC08_L2SP_144051_20190313_02_T1,2019-03-13,2019,3,2019-03,Landsat 8,0.0,144,51
LC08_L2SP_144051_20190329_02_T1,LC08_L2SP_144051_20190329_02_T1,2019-03-29,2019,3,2019-03,Landsat 8,0.1,144,51
LC08_L2SP_144051_20190414_02_T1,LC08_L2SP_144051_20190414_02_T1,2019-04-14,2019,4,2019-04,Landsat 8,0.03,144,51
LC08_L2SP_144051_20190516_02_T1,LC08_L2SP_144051_20190516_02_T1,2019-05-16,2019,5,2019-05,Landsat 8,4.12,144,51
LC08_L2SP_144051_20190601_02_T1,LC08_L2SP_144051_20190601_02_T1,2019-06-01,2019,6,2019-06,Landsat 8,15.89,144,51
LC08_L2SP_144051_20191124_02_T1,LC08_L2SP_144051_20191124_02_T1,2019-11-24,2019,11,2019-11,Landsat 8,17.52,144,51
LC08_L2SP_144051_20191210_02_T1,LC08_L2SP_144051_20191210_02_T1,2019-12-10,2019,12,2019-12,Landsat 8,17.04,144,51
LC08_L2SP_144051_20200111_02_T1,LC08_L2SP_144051_20200111_02_T1,2020-01-11,2020,1,2020-01,Landsat 8,1.26,144,51
LC08_L2SP_144051_20200127_02_T1,LC08_L2SP_144051_20200127_02_T1,2020-01-27,2020,1,2020-01,Landsat 8,0.01,144,51
LC08_L2SP_144051_20200212_02_T1,LC08_L2SP_144051_20200212_02_T1,2020-02-12,2020,2,2020-02,Landsat 8,7.5,144,51
LC08_L2SP_144051_20200228_02_T1,LC08_L2SP_144051_20200228_02_T1,2020-02-28,2020,2,2020-02,Landsat 8,10.52,144,51
LC08_L2SP_144051_20200315_02_T1,LC08_L2SP_144051_20200315_02_T1,2020-03-15,2020,3,2020-03,Landsat 8,0.08,144,51
LC08_L2SP_144051_20200331_02_T1,LC08_L2SP_144051_20200331_02_T1,2020-03-31,2020,3,2020-03,Landsat 8,0.01,144,51
LC08_L2SP_144051_20200416_02_T1,LC08_L2SP_144051_20200416_02_T1,2020-04-16,2020,4,2020-04,Landsat 8,1.37,144,51
LC08_L2SP_144051_20200502_02_T1,LC08_L2SP_144051_20200502_02_T1,2020-05-02,2020,5,2020-05,Landsat 8,1.97,144,51
LC08_L2SP_144051_20200721_02_T1,LC08_L2SP_144051_20200721_02_T1,2020-07-21,2020,7,2020-07,Landsat 8,10.98,144,51
LC08_L2SP_144051_20201110_02_T1,LC08_L2SP_144051_20201110_02_T1,2020-11-10,2020,11,2020-11,Landsat 8,3.97,144,51
LC08_L2SP_144051_20201212_02_T1,LC08_L2SP_144051_20201212_02_T1,2020-12-12,2020,12,2020-12,Landsat 8,1.82,144,51
LC08_L2SP_144051_20210129_02_T1,LC08_L2SP_144051_20210129_02_T1,2021-01-29,2021,1,2021-01,Landsat 8,2.12,144,51
LC08_L2SP_144051_20210214_02_T1,LC08_L2SP_144051_20210214_02_T1,2021-02-14,2021,2,2021-02,Landsat 8,0.11,144,51
LC08_L2SP_144051_20210302_02_T1,LC08_L2SP_144051_20210302_02_T1,2021-03-02,2021,3,2021-03,Landsat 8,0.0,144,51
LC08_L2SP_144051_20210403_02_T1,LC08_L2SP_144051_20210403_02_T1,2021-04-03,2021,4,2021-04,Landsat 8,0.28,144,51
LC08_L2SP_144051_20210419_02_T1,LC08_L2SP_144051_20210419_02_T1,2021-04-19,2021,4,2021-04,Landsat 8,0.92,144,51
LC08_L2SP_144051_20210505_02_T1,LC08_L2SP_144051_20210505_02_T1,2021-05-05,2021,5,2021-05,Landsat 8,11.96,144,51
LC09_L2SP_144051_20211223_02_T1,LC09_L2SP_144051_20211223_02_T1,2021-12-23,2021,12,2021-12,Landsat 9,7.84,144,51
LC09_L2SP_144051_20220124_02_T1,LC09_L2SP_144051_20220124_02_T1,2022-01-24,2022,1,2022-01,Landsat 9,4.3,144,51
LC08_L2SP_144051_20220201_02_T1,LC08_L2SP_144051_20220201_02_T1,2022-02-01,2022,2,2022-02,Landsat 8,19.96,144,51
LC08_L2SP_144051_20220217_02_T1,LC08_L2SP_144051_20220217_02_T1,2022-02-17,2022,2,2022-02,Landsat 8,12.83,144,51
LC09_L2SP_144051_20220225_02_T1,LC09_L2SP_144051_20220225_02_T1,2022-02-25,2022,2,2022-02,Landsat 9,0.01,144,51
LC08_L2SP_144051_20220305_02_T1,LC08_L2SP_144051_20220305_02_T1,2022-03-05,2022,3,2022-03,Landsat 8,0.78,144,51
LC08_L2SP_144051_20220321_02_T1,LC08_L2SP_144051_20220321_02_T1,2022-03-21,2022,3,2022-03,Landsat 8,2.2,144,51
LC08_L2SP_144051_20220406_02_T1,LC08_L2SP_144051_20220406_02_T1,2022-04-06,2022,4,2022-04,Landsat 8,0.63,144,51
LC08_L2SP_144051_20220422_02_T1,LC08_L2SP_144051_20220422_02_T1,2022-04-22,2022,4,2022-04,Landsat 8,17.63,144,51
LC09_L2SP_144051_20220430_02_T1,LC09_L2SP_144051_20220430_02_T1,2022-04-30,2022,4,2022-04,Landsat 9,17.94,144,51
LC08_L2SP_144051_20220609_02_T1,LC08_L2SP_144051_20220609_02_T1,2022-06-09,2022,6,2022-06,Landsat 8,12.45,144,51
LC09_L2SP_144051_20221023_02_T1,LC09_L2SP_144051_20221023_02_T1,2022-10-23,2022,10,2022-10,Landsat 9,4.04,144,51
LC08_L2SP_144051_20221031_02_T1,LC08_L2SP_144051_20221031_02_T1,2022-10-31,2022,10,2022-10,Landsat 8,2.43,144,51
LC08_L2SP_144051_20230103_02_T1,LC08_L2SP_144051_20230103_02_T1,2023-01-03,2023,1,2023-01,Landsat 8,7.65,144,51
LC09_L2SP_144051_20230111_02_T1,LC09_L2SP_144051_20230111_02_T1,2023-01-11,2023,1,2023-01,Landsat 9,0.04,144,51
LC08_L2SP_144051_20230119_02_T1,LC08_L2SP_144051_20230119_02_T1,2023-01-19,2023,1,2023-01,Landsat 8,0.06,144,51
LC09_L2SP_144051_20230127_02_T1,LC09_L2SP_144051_20230127_02_T1,2023-01-27,2023,1,2023-01,Landsat 9,0.13,144,51
LC08_L2SP_144051_20230204_02_T1,LC08_L2SP_144051_20230204_02_T1,2023-02-04,2023,2,2023-02,Landsat 8,0.85,144,51
LC09_L2SP_144051_20230212_02_T1,LC09_L2SP_144051_20230212_02_T1,2023-02-12,2023,2,2023-02,Landsat 9,0.78,144,51
LC08_L2SP_144051_20230220_02_T1,LC08_L2SP_144051_20230220_02_T1,2023-02-20,2023,2,2023-02,Landsat 8,2.52,144,51
LC08_L2SP_144051_20230324_02_T1,LC08_L2SP_144051_20230324_02_T1,2023-03-24,2023,3,2023-03,Landsat 8,11.69,144,51
LC09_L2SP_144051_20230401_02_T1,LC09_L2SP_144051_20230401_02_T1,2023-04-01,2023,4,2023-04,Landsat 9,11.26,144,51
LC08_L2SP_144051_20230409_02_T1,LC08_L2SP_144051_20230409_02_T1,2023-04-09,2023,4,2023-04,Landsat 8,0.72,144,51
LC09_L2SP_144051_20230417_02_T1,LC09_L2SP_144051_20230417_02_T1,2023-04-17,2023,4,2023-04,Landsat 9,0.1,144,51
LC09_L2SP_144051_20230519_02_T1,LC09_L2SP_144051_20230519_02_T1,2023-05-19,2023,5,2023-05,Landsat 9,4.39,144,51
LC08_L2SP_144051_20230527_02_T1,LC08_L2SP_144051_20230527_02_T1,2023-05-27,2023,5,2023-05,Landsat 8,1.09,144,51
LC08_L2SP_144051_20230815_02_T1,LC08_L2SP_144051_20230815_02_T1,2023-08-15,2023,8,2023-08,Landsat 8,9.91,144,51
LC08_L2SP_144051_20231018_02_T1,LC08_L2SP_144051_20231018_02_T1,2023-10-18,2023,10,2023-10,Landsat 8,0.69,144,51
LC09_L2SP_144051_20231026_02_T1,LC09_L2SP_144051_20231026_02_T1,2023-10-26,2023,10,2023-10,Landsat 9,5.57,144,51
LC09_L2SP_144051_20231111_02_T1,LC09_L2SP_144051_20231111_02_T1,2023-11-11,2023,11,2023-11,Landsat 9,0.24,144,51
LC08_L2SP_144051_20231119_02_T1,LC08_L2SP_144051_20231119_02_T1,2023-11-19,2023,11,2023-11,Landsat 8,5.91,144,51
LC08_L2SP_144051_20240106_02_T1,LC08_L2SP_144051_20240106_02_T1,2024-01-06,2024,1,2024-01,Landsat 8,9.44,144,51
LC09_L2SP_144051_20240114_02_T1,LC09_L2SP_144051_20240114_02_T1,2024-01-14,2024,1,2024-01,Landsat 9,0.46,144,51
LC08_L2SP_144051_20240122_02_T1,LC08_L2SP_144051_20240122_02_T1,2024-01-22,2024,1,2024-01,Landsat 8,0.68,144,51
LC09_L2SP_144051_20240130_02_T1,LC09_L2SP_144051_20240130_02_T1,2024-01-30,2024,1,2024-01,Landsat 9,2.65,144,51
LC08_L2SP_144051_20240207_02_T1,LC08_L2SP_144051_20240207_02_T1,2024-02-07,2024,2,2024-02,Landsat 8,0.0,144,51
LC09_L2SP_144051_20240215_02_T1,LC09_L2SP_144051_20240215_02_T1,2024-02-15,2024,2,2024-02,Landsat 9,1.33,144,51
LC08_L2SP_144051_20240223_02_T1,LC08_L2SP_144051_20240223_02_T1,2024-02-23,2024,2,2024-02,Landsat 8,0.71,144,51
LC09_L2SP_144051_20240302_02_T1,LC09_L2SP_144051_20240302_02_T1,2024-03-02,2024,3,2024-03,Landsat 9,10.69,144,51
LC08_L2SP_144051_20240310_02_T1,LC08_L2SP_144051_20240310_02_T1,2024-03-10,2024,3,2024-03,Landsat 8,1.76,144,51
LC09_L2SP_144051_20240318_02_T1,LC09_L2SP_144051_20240318_02_T1,2024-03-18,2024,3,2024-03,Landsat 9,0.3,144,51
LC08_L2SP_144051_20240326_02_T1,LC08_L2SP_144051_20240326_02_T1,2024-03-26,2024,3,2024-03,Landsat 8,0.04,144,51
LC09_L2SP_144051_20240403_02_T1,LC09_L2SP_144051_20240403_02_T1,2024-04-03,2024,4,2024-04,Landsat 9,2.06,144,51
LC08_L2SP_144051_20240411_02_T1,LC08_L2SP_144051_20240411_02_T1,2024-04-11,2024,4,2024-04,Landsat 8,0.15,144,51
LC08_L2SP_144051_20240427_02_T1,LC08_L2SP_144051_20240427_02_T1,2024-04-27,2024,4,2024-04,Landsat 8,0.0,144,51
LC09_L2SP_144051_20240505_02_T1,LC09_L2SP_144051_20240505_02_T1,2024-05-05,2024,5,2024-05,Landsat 9,0.02,144,51
LC08_L2SP_144051_20240918_02_T1,LC08_L2SP_144051_20240918_02_T1,2024-09-18,2024,9,2024-09,Landsat 8,4.24,144,51
LC09_L2SP_144051_20241028_02_T1,LC09_L2SP_144051_20241028_02_T1,2024-10-28,2024,10,2024-10,Landsat 9,4.48,144,51
LC08_L2SP_144051_20241105_02_T1,LC08_L2SP_144051_20241105_02_T1,2024-11-05,2024,11,2024-11,Landsat 8,11.05,144,51
LC08_L2SP_144051_20241207_02_T1,LC08_L2SP_144051_20241207_02_T1,2024-12-07,2024,12,2024-12,Landsat 8,18.76,144,51
LC09_L2SP_144051_20241215_02_T1,LC09_L2SP_144051_20241215_02_T1,2024-12-15,2024,12,2024-12,Landsat 9,8.08,144,51
LC09_L2SP_144051_20241231_02_T1,LC09_L2SP_144051_20241231_02_T1,2024-12-31,2024,12,2024-12,Landsat 9,0.12,144,51
LC08_L2SP_144051_20250108_02_T1,LC08_L2SP_144051_20250108_02_T1,2025-01-08,2025,1,2025-01,Landsat 8,2.67,144,51
LC09_L2SP_144051_20250116_02_T1,LC09_L2SP_144051_20250116_02_T1,2025-01-16,2025,1,2025-01,Landsat 9,12.78,144,51
LC08_L2SP_144051_20250124_02_T1,LC08_L2SP_144051_20250124_02_T1,2025-01-24,2025,1,2025-01,Landsat 8,7.96,144,51
LC09_L2SP_144051_20250201_02_T1,LC09_L2SP_144051_20250201_02_T1,2025-02-01,2025,2,2025-02,Landsat 9,16.56,144,51
LC08_L2SP_144051_20250209_02_T1,LC08_L2SP_144051_20250209_02_T1,2025-02-09,2025,2,2025-02,Landsat 8,0.18,144,51
LC09_L2SP_144051_20250217_02_T1,LC09_L2SP_144051_20250217_02_T1,2025-02-17,2025,2,2025-02,Landsat 9,0.0,144,51
LC08_L2SP_144051_20250225_02_T1,LC08_L2SP_144051_20250225_02_T1,2025-02-25,2025,2,2025-02,Landsat 8,0.53,144,51
LC08_L2SP_144051_20250313_02_T1,LC08_L2SP_144051_20250313_02_T1,2025-03-13,2025,3,2025-03,Landsat 8,1.18,144,51
LC09_L2SP_144051_20250321_02_T1,LC09_L2SP_144051_20250321_02_T1,2025-03-21,2025,3,2025-03,Landsat 9,12.85,144,51
LC08_L2SP_144051_20250329_02_T1,LC08_L2SP_144051_20250329_02_T1,2025-03-29,2025,3,2025-03,Landsat 8,0.28,144,51
LC09_L2SP_144051_20250406_02_T1,LC09_L2SP_144051_20250406_02_T1,2025-04-06,2025,4,2025-04,Landsat 9,12.11,144,51
LC08_L2SP_144051_20250414_02_T1,LC08_L2SP_144051_20250414_02_T1,2025-04-14,2025,4,2025-04,Landsat 8,0.92,144,51
LC09_L2SP_144051_20250422_02_T1,LC09_L2SP_144051_20250422_02_T1,2025-04-22,2025,4,2025-04,Landsat 9,1.33,144,51
LC08_L2SP_144051_20250430_02_T1,LC08_L2SP_144051_20250430_02_T1,2025-04-30,2025,4,2025-04,Landsat 8,15.3,144,51
LC09_L2SP_144051_20250508_02_T1,LC09_L2SP_144051_20250508_02_T1,2025-05-08,2025,5,2025-05,Landsat 9,5.73,144,51
LC08_L2SP_144051_20251007_02_T1,LC08_L2SP_144051_20251007_02_T1,2025-10-07,2025,10,2025-10,Landsat 8,13.42,144,51
LC09_L2SP_144051_20251031_02_T1,LC09_L2SP_144051_20251031_02_T1,2025-10-31,2025,10,2025-10,Landsat 9,17.45,144,51
LC09_L2SP_144051_20251116_02_T1,LC09_L2SP_144051_20251116_02_T1,2025-11-16,2025,11,2025-11,Landsat 9,13.56,144,51
LC08_L2SP_144051_20251210_02_T1,LC08_L2SP_144051_20251210_02_T1,2025-12-10,2025,12,2025-12,Landsat 8,0.1,144,51
LC09_L2SP_144051_20251218_02_T1,LC09_L2SP_144051_20251218_02_T1,2025-12-18,2025,12,2025-12,Landsat 9,19.17,144,51
LC09_L2SP_144051_20260119_02_T1,LC09_L2SP_144051_20260119_02_T1,2026-01-19,2026,1,2026-01,Landsat 9,0.54,144,51
LC08_L2SP_144051_20260127_02_T1,LC08_L2SP_144051_20260127_02_T1,2026-01-27,2026,1,2026-01,Landsat 8,1.51,144,51
LC09_L2SP_144051_20260204_02_T1,LC09_L2SP_144051_20260204_02_T1,2026-02-04,2026,2,2026-02,Landsat 9,0.06,144,51
LC08_L2SP_144051_20260212_02_T1,LC08_L2SP_144051_20260212_02_T1,2026-02-12,2026,2,2026-02,Landsat 8,0.05,144,51
LC09_L2SP_144051_20260220_02_T1,LC09_L2SP_144051_20260220_02_T1,2026-02-20,2026,2,2026-02,Landsat 9,0.8,144,51
LC08_L2SP_144051_20260228_02_T1,LC08_L2SP_144051_20260228_02_T1,2026-02-28,2026,2,2026-02,Landsat 8,5.6,144,51
LC09_L2SP_144051_20260308_02_T1,LC09_L2SP_144051_20260308_02_T1,2026-03-08,2026,3,2026-03,Landsat 9,0.96,144,51
LC08_L2SP_144051_20260316_02_T1,LC08_L2SP_144051_20260316_02_T1,2026-03-16,2026,3,2026-03,Landsat 8,5.02,144,51
LC09_L2SP_144051_20260324_02_T1,LC09_L2SP_144051_20260324_02_T1,2026-03-24,2026,3,2026-03,Landsat 9,3.23,144,51
LC08_L2SP_144051_20260401_02_T1,LC08_L2SP_144051_20260401_02_T1,2026-04-01,2026,4,2026-04,Landsat 8,0.23,144,51
LC09_L2SP_144051_20260409_02_T1,LC09_L2SP_144051_20260409_02_T1,2026-04-09,2026,4,2026-04,Landsat 9,6.69,144,51
LC08_L2SP_144051_20260417_02_T1,LC08_L2SP_144051_20260417_02_T1,2026-04-17,2026,4,2026-04,Landsat 8,9.82,144,51
LC09_L2SP_144051_20260425_02_T1,LC09_L2SP_144051_20260425_02_T1,2026-04-25,2026,4,2026-04,Landsat 9,19.59,144,51
LC08_L2SP_144051_20260503_02_T1,LC08_L2SP_144051_20260503_02_T1,2026-05-03,2026,5,2026-05,Landsat 8,14.38,144,51
LC09_L2SP_144051_20260511_02_T1,LC09_L2SP_144051_20260511_02_T1,2026-05-11,2026,5,2026-05,Landsat 9,18.27,144,51
LC08_L2SP_144051_20260604_02_T1,LC08_L2SP_144051_20260604_02_T1,2026-06-04,2026,6,2026-06,Landsat 8,14.37,144,51
